{"cameraMode":{"drawMode":0,"name":"Shaded","section":"Shading Mode"},"sceneLighting":false,"audioPlay":false,"sceneViewState":{"showFog":true,"showMaterialUpdate":true,"showSkybox":false,"showFlares":true,"showImageEffects":true,"showParticleSystems":true},"in2DMode":false,"pivot":{"x":12.9399995803833,"y":3.890000104904175,"z":4.059999942779541},"rotation":{"x":0.24487917125225068,"y":0.3732095956802368,"z":-0.10281018167734146,"w":0.8889254331588745},"size":0.7348469495773315,"orthographic":false}