{"cameraMode":{"drawMode":0,"name":"Shaded","section":"Shading Mode"},"sceneLighting":true,"audioPlay":false,"sceneViewState":{"showFog":true,"showMaterialUpdate":true,"showSkybox":true,"showFlares":true,"showImageEffects":true,"showParticleSystems":true},"in2DMode":false,"pivot":{"x":-0.06356704235076904,"y":21.915618896484376,"z":-21.082117080688478},"rotation":{"x":0.24487917125225068,"y":0.3732095956802368,"z":-0.10281018167734146,"w":0.8889254331588745},"size":0.5579956769943237,"orthographic":false}